[
{
  "model": "letrent.account",
  "pk": 36,
  "fields": {
    "password": "pbkdf2_sha256$36000$OSFLLoDmCHsr$p+jd3qqsjjFdDzluD1fuv+QW7N3n6SA8f6vr/8A1wvk=",
    "last_login": "2017-10-13T12:28:34.992Z",
    "email": "test@test.com",
    "firstname": "Katrina",
    "lastname": "Ashley",
    "created_at": "2017-10-08T21:24:17.536Z",
    "updated_at": "2017-10-08T21:24:17.536Z",
    "is_admin": false
  }
},
{
  "model": "letrent.account",
  "pk": 40,
  "fields": {
    "password": "pbkdf2_sha256$36000$hUAZD03dBZmS$O+bOT4Hv5m+8h9oH3p9qNSw+Qg2i1aoyAdCj19ueiqM=",
    "last_login": "2017-10-13T12:28:34.992Z",
    "email": "admin@test.com",
    "firstname": "Anika",
    "lastname": "Cannon",
    "created_at": "2017-10-13T07:44:14.472Z",
    "updated_at": "2017-10-13T07:44:14.706Z",
    "is_admin": true
  }
},
{
  "model": "letrent.propertycategory",
  "pk": 1,
  "fields": {
    "name": "Baby and Child",
    "parent": null,
    "slug": "baby-and-child",
    "fa_icon_name": "fa-child",
    "position": 8,
    "lft": 1,
    "rght": 2,
    "tree_id": 1,
    "level": 0
  }
},
{
  "model": "letrent.propertycategory",
  "pk": 2,
  "fields": {
    "name": "Cars",
    "parent": null,
    "slug": "cars",
    "fa_icon_name": "fa-car",
    "position": 3,
    "lft": 1,
    "rght": 2,
    "tree_id": 2,
    "level": 0
  }
},
{
  "model": "letrent.propertycategory",
  "pk": 3,
  "fields": {
    "name": "Electronics",
    "parent": null,
    "slug": "electronics",
    "fa_icon_name": "fa-laptop",
    "position": 2,
    "lft": 1,
    "rght": 2,
    "tree_id": 3,
    "level": 0
  }
},
{
  "model": "letrent.propertycategory",
  "pk": 4,
  "fields": {
    "name": "Fashion and Accessories",
    "parent": null,
    "slug": "fashion-and-accessories",
    "fa_icon_name": "fa-star",
    "position": 5,
    "lft": 1,
    "rght": 2,
    "tree_id": 4,
    "level": 0
  }
},
{
  "model": "letrent.propertycategory",
  "pk": 5,
  "fields": {
    "name": "Home and Garden",
    "parent": null,
    "slug": "home-and-garden",
    "fa_icon_name": "fa-home",
    "position": 1,
    "lft": 1,
    "rght": 2,
    "tree_id": 5,
    "level": 0
  }
},
{
  "model": "letrent.propertycategory",
  "pk": 6,
  "fields": {
    "name": "Movies, Books and Music",
    "parent": null,
    "slug": "movies-books-and-music",
    "fa_icon_name": "fa-book",
    "position": 6,
    "lft": 1,
    "rght": 2,
    "tree_id": 6,
    "level": 0
  }
},
{
  "model": "letrent.propertycategory",
  "pk": 7,
  "fields": {
    "name": "Sports, Leisure and Games",
    "parent": null,
    "slug": "sports-leisure-and-games",
    "fa_icon_name": "fa-gamepad",
    "position": 7,
    "lft": 1,
    "rght": 2,
    "tree_id": 9,
    "level": 0
  }
},
{
  "model": "letrent.propertycategory",
  "pk": 8,
  "fields": {
    "name": "Other vehicles and Parts",
    "parent": null,
    "slug": "other-vehicles-and-parts",
    "fa_icon_name": "fa-wrench",
    "position": 4,
    "lft": 1,
    "rght": 2,
    "tree_id": 8,
    "level": 0
  }
},
{
  "model": "letrent.propertycategory",
  "pk": 9,
  "fields": {
    "name": "Other",
    "parent": null,
    "slug": "other",
    "fa_icon_name": "fa-archive",
    "position": 9,
    "lft": 1,
    "rght": 2,
    "tree_id": 7,
    "level": 0
  }
},
{
  "model": "letrent.property",
  "pk": 1,
  "fields": {
    "category": 5,
    "owner": 36,
    "name": "Product #1",
    "description": "Product #1 desc",
    "address": "Konemiehentie 2, 02150 Espoo",
    "location_lat": "60.186937",
    "location_lon": "24.821084",
    "daily_price": "5.00",
    "weekly_price": "18.00",
    "slug": "product-1",
    "active": true,
    "created_at": "2017-10-15T00:13:54.570Z",
    "updated_at": "2017-10-15T00:13:54.570Z"
  }
},
{
  "model": "letrent.property",
  "pk": 2,
  "fields": {
    "category": 3,
    "owner": 36,
    "name": "Product #2",
    "description": "Product #2 desc",
    "address": "Konemiehentie 2, 02150 Espoo",
    "location_lat": "60.186937",
    "location_lon": "24.821084",
    "daily_price": null,
    "weekly_price": "50.00",
    "slug": "product-2",
    "active": true,
    "created_at": "2017-10-15T00:14:17.312Z",
    "updated_at": "2017-10-15T00:14:17.312Z"
  }
},
{
  "model": "letrent.property",
  "pk": 3,
  "fields": {
    "category": 3,
    "owner": 36,
    "name": "Product #3",
    "description": "Product #3 desc",
    "address": "Konemiehentie 2, 02150 Espoo",
    "location_lat": "60.186937",
    "location_lon": "24.821084",
    "daily_price": "10.00",
    "weekly_price": "44.99",
    "slug": "product-3",
    "active": true,
    "created_at": "2017-10-15T00:14:38.031Z",
    "updated_at": "2017-10-15T00:14:38.031Z"
  }
},
{
  "model": "letrent.property",
  "pk": 4,
  "fields": {
    "category": 5,
    "owner": 36,
    "name": "Product #5",
    "description": "Product #5 desc",
    "address": "Konemiehentie 2, 02150 Espoo",
    "location_lat": "60.186937",
    "location_lon": "24.821084",
    "daily_price": null,
    "weekly_price": "89.00",
    "slug": "product-5",
    "active": true,
    "created_at": "2017-10-15T00:15:05.821Z",
    "updated_at": "2017-10-15T00:15:05.821Z"
  }
},
{
  "model": "letrent.property",
  "pk": 5,
  "fields": {
    "category": 5,
    "owner": 36,
    "name": "Product #6",
    "description": "Product #6 desc",
    "address": "Konemiehentie 2, 02150 Espoo",
    "location_lat": "60.186937",
    "location_lon": "24.821084",
    "daily_price": "18.20",
    "weekly_price": "92.60",
    "slug": "product-6",
    "active": true,
    "created_at": "2017-10-15T00:15:27.857Z",
    "updated_at": "2017-10-15T00:15:27.857Z"
  }
},
{
  "model": "letrent.property",
  "pk": 6,
  "fields": {
    "category": 5,
    "owner": 40,
    "name": "Product posted by Admin (test user can't edit it)",
    "description": "Product posted by Admin (test user can't edit it)",
    "address": "Konemiehentie 2, 02150 Espoo",
    "location_lat": "60.186937",
    "location_lon": "24.821084",
    "daily_price": "9.00",
    "weekly_price": "79.90",
    "slug": "product-posted-by-admin-test-user-cant-edit-it",
    "active": true,
    "created_at": "2017-10-15T00:38:15.504Z",
    "updated_at": "2017-10-15T00:38:15.504Z"
  }
},
{
  "model": "letrent.property",
  "pk": 7,
  "fields": {
    "category": 5,
    "owner": 36,
    "name": "Product #7",
    "description": "Product #1 desc",
    "address": "Konemiehentie 2, 02150 Espoo",
    "location_lat": "60.186937",
    "location_lon": "24.821084",
    "daily_price": "5.00",
    "weekly_price": "18.00",
    "slug": "product-7",
    "active": true,
    "created_at": "2017-10-15T00:13:54.570Z",
    "updated_at": "2017-10-15T00:13:54.570Z"
  }
},
{
  "model": "letrent.property",
  "pk": 8,
  "fields": {
    "category": 3,
    "owner": 36,
    "name": "Product #8",
    "description": "Product #2 desc",
    "address": "Konemiehentie 2, 02150 Espoo",
    "location_lat": "60.186937",
    "location_lon": "24.821084",
    "daily_price": null,
    "weekly_price": "50.00",
    "slug": "product-8",
    "active": true,
    "created_at": "2017-10-15T00:14:17.312Z",
    "updated_at": "2017-10-15T00:14:17.312Z"
  }
},
{
  "model": "letrent.property",
  "pk": 9,
  "fields": {
    "category": 3,
    "owner": 36,
    "name": "Product #9",
    "description": "Product #3 desc",
    "address": "Konemiehentie 2, 02150 Espoo",
    "location_lat": "60.186937",
    "location_lon": "24.821084",
    "daily_price": "10.00",
    "weekly_price": "44.99",
    "slug": "product-9",
    "active": true,
    "created_at": "2017-10-15T00:14:38.031Z",
    "updated_at": "2017-10-15T00:14:38.031Z"
  }
},
{
  "model": "letrent.property",
  "pk": 10,
  "fields": {
    "category": 5,
    "owner": 36,
    "name": "Product #10",
    "description": "Product #5 desc",
    "address": "Konemiehentie 2, 02150 Espoo",
    "location_lat": "60.186937",
    "location_lon": "24.821084",
    "daily_price": null,
    "weekly_price": "89.00",
    "slug": "product-10",
    "active": true,
    "created_at": "2017-10-15T00:15:05.821Z",
    "updated_at": "2017-10-15T00:15:05.821Z"
  }
},
{
  "model": "letrent.property",
  "pk": 11,
  "fields": {
    "category": 5,
    "owner": 36,
    "name": "Product #11",
    "description": "Product #6 desc",
    "address": "Konemiehentie 2, 02150 Espoo",
    "location_lat": "60.186937",
    "location_lon": "24.821084",
    "daily_price": "18.20",
    "weekly_price": "92.60",
    "slug": "product-11",
    "active": true,
    "created_at": "2017-10-15T00:15:27.857Z",
    "updated_at": "2017-10-15T00:15:27.857Z"
  }
},
{
  "model": "letrent.property",
  "pk": 12,
  "fields": {
    "category": 5,
    "owner": 40,
    "name": "Product #11 (from admin)",
    "description": "Product posted by Admin (test user can't edit it)",
    "address": "Konemiehentie 2, 02150 Espoo",
    "location_lat": "60.186937",
    "location_lon": "24.821084",
    "daily_price": "9.00",
    "weekly_price": "79.90",
    "slug": "product-from-admin",
    "active": true,
    "created_at": "2017-10-15T00:38:15.504Z",
    "updated_at": "2017-10-15T00:38:15.504Z"
  }
},
{
  "model": "letrent.property",
  "pk": 13,
  "fields": {
    "category": 5,
    "owner": 36,
    "name": "Product #13",
    "description": "Product #1 desc",
    "address": "Konemiehentie 2, 02150 Espoo",
    "location_lat": "60.186937",
    "location_lon": "24.821084",
    "daily_price": "5.00",
    "weekly_price": "18.00",
    "slug": "product-13",
    "active": true,
    "created_at": "2017-10-15T00:13:54.570Z",
    "updated_at": "2017-10-15T00:13:54.570Z"
  }
},
{
  "model": "letrent.property",
  "pk": 14,
  "fields": {
    "category": 3,
    "owner": 36,
    "name": "Product #14",
    "description": "Product #2 desc",
    "address": "Konemiehentie 2, 02150 Espoo",
    "location_lat": "60.186937",
    "location_lon": "24.821084",
    "daily_price": null,
    "weekly_price": "50.00",
    "slug": "product-14",
    "active": true,
    "created_at": "2017-10-15T00:14:17.312Z",
    "updated_at": "2017-10-15T00:14:17.312Z"
  }
},
{
  "model": "letrent.property",
  "pk": 15,
  "fields": {
    "category": 3,
    "owner": 36,
    "name": "Product #15",
    "description": "Product #3 desc",
    "address": "Konemiehentie 2, 02150 Espoo",
    "location_lat": "60.186937",
    "location_lon": "24.821084",
    "daily_price": "10.00",
    "weekly_price": "44.99",
    "slug": "product-15",
    "active": true,
    "created_at": "2017-10-15T00:14:38.031Z",
    "updated_at": "2017-10-15T00:14:38.031Z"
  }
},
{
  "model": "letrent.property",
  "pk": 16,
  "fields": {
    "category": 5,
    "owner": 36,
    "name": "Product #16",
    "description": "Product #5 desc",
    "address": "Konemiehentie 2, 02150 Espoo",
    "location_lat": "60.186937",
    "location_lon": "24.821084",
    "daily_price": null,
    "weekly_price": "89.00",
    "slug": "product-16",
    "active": true,
    "created_at": "2017-10-15T00:15:05.821Z",
    "updated_at": "2017-10-15T00:15:05.821Z"
  }
},
{
  "model": "letrent.property",
  "pk": 17,
  "fields": {
    "category": 5,
    "owner": 36,
    "name": "Product #17",
    "description": "Product #6 desc",
    "address": "Konemiehentie 2, 02150 Espoo",
    "location_lat": "60.186937",
    "location_lon": "24.821084",
    "daily_price": "18.20",
    "weekly_price": "92.60",
    "slug": "product-17",
    "active": true,
    "created_at": "2017-10-15T00:15:27.857Z",
    "updated_at": "2017-10-15T00:15:27.857Z"
  }
},
{
  "model": "letrent.property",
  "pk": 18,
  "fields": {
    "category": 5,
    "owner": 40,
    "name": "Product #18 (from admin)",
    "description": "Product posted by Admin (test user can't edit it)",
    "address": "Konemiehentie 2, 02150 Espoo",
    "location_lat": "60.186937",
    "location_lon": "24.821084",
    "daily_price": "9.00",
    "weekly_price": "79.90",
    "slug": "product-18-from-admin",
    "active": true,
    "created_at": "2017-10-15T00:38:15.504Z",
    "updated_at": "2017-10-15T00:38:15.504Z"
  }
},
{
  "model": "letrent.property",
  "pk": 19,
  "fields": {
    "category": 3,
    "owner": 36,
    "name": "Product #19",
    "description": "Product #19 desc",
    "address": "Konemiehentie 2, 02150 Espoo",
    "location_lat": "60.186937",
    "location_lon": "24.821084",
    "daily_price": null,
    "weekly_price": "50.00",
    "slug": "product-19",
    "active": true,
    "created_at": "2017-10-15T00:14:17.312Z",
    "updated_at": "2017-10-15T00:14:17.312Z"
  }
},
{
  "model": "letrent.property",
  "pk": 20,
  "fields": {
    "category": 3,
    "owner": 36,
    "name": "Product #20",
    "description": "Product #20 desc",
    "address": "Konemiehentie 2, 02150 Espoo",
    "location_lat": "60.186937",
    "location_lon": "24.821084",
    "daily_price": "10.00",
    "weekly_price": "44.99",
    "slug": "product-20",
    "active": true,
    "created_at": "2017-10-15T00:14:38.031Z",
    "updated_at": "2017-10-15T00:14:38.031Z"
  }
},
{
  "model": "letrent.property",
  "pk": 21,
  "fields": {
    "category": 5,
    "owner": 36,
    "name": "Product #21",
    "description": "Product #21 desc",
    "address": "Konemiehentie 2, 02150 Espoo",
    "location_lat": "60.186937",
    "location_lon": "24.821084",
    "daily_price": null,
    "weekly_price": "89.00",
    "slug": "product-21",
    "active": true,
    "created_at": "2017-10-15T00:15:05.821Z",
    "updated_at": "2017-10-15T00:15:05.821Z"
  }
},
{
  "model": "letrent.property",
  "pk": 22,
  "fields": {
    "category": 5,
    "owner": 36,
    "name": "Product #22",
    "description": "Product #22 desc",
    "address": "Konemiehentie 2, 02150 Espoo",
    "location_lat": "60.186937",
    "location_lon": "24.821084",
    "daily_price": "18.20",
    "weekly_price": "92.60",
    "slug": "product-22",
    "active": true,
    "created_at": "2017-10-15T00:15:27.857Z",
    "updated_at": "2017-10-15T00:15:27.857Z"
  }
},
{
  "model": "letrent.property",
  "pk": 23,
  "fields": {
    "category": 3,
    "owner": 36,
    "name": "Product #23",
    "description": "Product #23 desc",
    "address": "Konemiehentie 2, 02150 Espoo",
    "location_lat": "60.186937",
    "location_lon": "24.821084",
    "daily_price": "10.00",
    "weekly_price": "44.99",
    "slug": "product-23",
    "active": true,
    "created_at": "2017-10-15T00:14:38.031Z",
    "updated_at": "2017-10-15T00:14:38.031Z"
  }
},
{
  "model": "letrent.property",
  "pk": 24,
  "fields": {
    "category": 5,
    "owner": 36,
    "name": "Product #24",
    "description": "Product #24 desc",
    "address": "Konemiehentie 2, 02150 Espoo",
    "location_lat": "60.186937",
    "location_lon": "24.821084",
    "daily_price": null,
    "weekly_price": "89.00",
    "slug": "product-24",
    "active": true,
    "created_at": "2017-10-15T00:15:05.821Z",
    "updated_at": "2017-10-15T00:15:05.821Z"
  }
},
{
  "model": "letrent.property",
  "pk": 25,
  "fields": {
    "category": 5,
    "owner": 36,
    "name": "Product #25",
    "description": "Product #25 desc",
    "address": "Konemiehentie 2, 02150 Espoo",
    "location_lat": "60.186937",
    "location_lon": "24.821084",
    "daily_price": "18.20",
    "weekly_price": "92.60",
    "slug": "product-25",
    "active": true,
    "created_at": "2017-10-15T00:15:27.857Z",
    "updated_at": "2017-10-15T00:15:27.857Z"
  }
},
{
  "model": "letrent.property",
  "pk": 26,
  "fields": {
    "category": 3,
    "owner": 36,
    "name": "Product #26",
    "description": "Product #26 desc",
    "address": "Konemiehentie 2, 02150 Espoo",
    "location_lat": "60.186937",
    "location_lon": "24.821084",
    "daily_price": "10.00",
    "weekly_price": "44.99",
    "slug": "product-26",
    "active": true,
    "created_at": "2017-10-15T00:14:38.031Z",
    "updated_at": "2017-10-15T00:14:38.031Z"
  }
},
{
  "model": "letrent.property",
  "pk": 27,
  "fields": {
    "category": 5,
    "owner": 36,
    "name": "Product #27",
    "description": "Product #27 desc",
    "address": "Konemiehentie 2, 02150 Espoo",
    "location_lat": "60.186937",
    "location_lon": "24.821084",
    "daily_price": null,
    "weekly_price": "89.00",
    "slug": "product-27",
    "active": true,
    "created_at": "2017-10-15T00:15:05.821Z",
    "updated_at": "2017-10-15T00:15:05.821Z"
  }
},
{
  "model": "letrent.property",
  "pk": 28,
  "fields": {
    "category": 5,
    "owner": 36,
    "name": "Product #28",
    "description": "Product #28 desc",
    "address": "Konemiehentie 2, 02150 Espoo",
    "location_lat": "60.186937",
    "location_lon": "24.821084",
    "daily_price": "18.20",
    "weekly_price": "92.60",
    "slug": "product-28",
    "active": true,
    "created_at": "2017-10-15T00:15:27.857Z",
    "updated_at": "2017-10-15T00:15:27.857Z"
  }
},
{
  "model": "letrent.property",
  "pk": 29,
  "fields": {
    "category": 5,
    "owner": 36,
    "name": "Product #29",
    "description": "Product #29 desc",
    "address": "Konemiehentie 2, 02150 Espoo",
    "location_lat": "60.186937",
    "location_lon": "24.821084",
    "daily_price": null,
    "weekly_price": "89.00",
    "slug": "product-29",
    "active": true,
    "created_at": "2017-10-15T00:15:05.821Z",
    "updated_at": "2017-10-15T00:15:05.821Z"
  }
},
{
  "model": "letrent.property",
  "pk": 30,
  "fields": {
    "category": 5,
    "owner": 36,
    "name": "Product #30",
    "description": "Product #30 desc",
    "address": "Konemiehentie 2, 02150 Espoo",
    "location_lat": "60.186937",
    "location_lon": "24.821084",
    "daily_price": null,
    "weekly_price": "89.00",
    "slug": "product-30",
    "active": true,
    "created_at": "2017-10-15T00:15:05.821Z",
    "updated_at": "2017-10-15T00:15:05.821Z"
  }
},
{
  "model": "letrent.property",
  "pk": 31,
  "fields": {
    "category": 5,
    "owner": 36,
    "name": "Product #31",
    "description": "Product #31 desc",
    "address": "Konemiehentie 2, 02150 Espoo",
    "location_lat": "60.186937",
    "location_lon": "24.821084",
    "daily_price": null,
    "weekly_price": "89.00",
    "slug": "product-31",
    "active": true,
    "created_at": "2017-10-15T00:15:05.821Z",
    "updated_at": "2017-10-15T00:15:05.821Z"
  }
},
{
  "model": "letrent.property",
  "pk": 32,
  "fields": {
    "category": 5,
    "owner": 36,
    "name": "Product #32",
    "description": "Product #32 desc",
    "address": "Konemiehentie 2, 02150 Espoo",
    "location_lat": "60.186937",
    "location_lon": "24.821084",
    "daily_price": "18.20",
    "weekly_price": "92.60",
    "slug": "product-32",
    "active": true,
    "created_at": "2017-10-15T00:15:27.857Z",
    "updated_at": "2017-10-15T00:15:27.857Z"
  }
},
{
  "model": "letrent.property",
  "pk": 33,
  "fields": {
    "category": 3,
    "owner": 36,
    "name": "Product #33",
    "description": "Product #33 desc",
    "address": "Konemiehentie 2, 02150 Espoo",
    "location_lat": "60.186937",
    "location_lon": "24.821084",
    "daily_price": "10.00",
    "weekly_price": "44.99",
    "slug": "product-33",
    "active": true,
    "created_at": "2017-10-15T00:14:38.031Z",
    "updated_at": "2017-10-15T00:14:38.031Z"
  }
},
{
  "model": "letrent.property",
  "pk": 34,
  "fields": {
    "category": 5,
    "owner": 36,
    "name": "Product #34",
    "description": "Product #34 desc",
    "address": "Konemiehentie 2, 02150 Espoo",
    "location_lat": "60.186937",
    "location_lon": "24.821084",
    "daily_price": null,
    "weekly_price": "89.00",
    "slug": "product-34",
    "active": true,
    "created_at": "2017-10-15T00:15:05.821Z",
    "updated_at": "2017-10-15T00:15:05.821Z"
  }
},
{
  "model": "letrent.property",
  "pk": 35,
  "fields": {
    "category": 5,
    "owner": 36,
    "name": "Product #35",
    "description": "Product #35 desc",
    "address": "Konemiehentie 2, 02150 Espoo",
    "location_lat": "60.186937",
    "location_lon": "24.821084",
    "daily_price": "18.20",
    "weekly_price": "92.60",
    "slug": "product-35",
    "active": true,
    "created_at": "2017-10-15T00:15:27.857Z",
    "updated_at": "2017-10-15T00:15:27.857Z"
  }
},
{
  "model": "letrent.property",
  "pk": 36,
  "fields": {
    "category": 3,
    "owner": 36,
    "name": "Product #36",
    "description": "Product #36 desc",
    "address": "Konemiehentie 2, 02150 Espoo",
    "location_lat": "60.186937",
    "location_lon": "24.821084",
    "daily_price": "10.00",
    "weekly_price": "44.99",
    "slug": "product-36",
    "active": true,
    "created_at": "2017-10-15T00:14:38.031Z",
    "updated_at": "2017-10-15T00:14:38.031Z"
  }
},
{
  "model": "letrent.property",
  "pk": 37,
  "fields": {
    "category": 5,
    "owner": 36,
    "name": "Product #37",
    "description": "Product #37 desc",
    "address": "Konemiehentie 2, 02150 Espoo",
    "location_lat": "60.186937",
    "location_lon": "24.821084",
    "daily_price": null,
    "weekly_price": "89.00",
    "slug": "product-37",
    "active": true,
    "created_at": "2017-10-15T00:15:05.821Z",
    "updated_at": "2017-10-15T00:15:05.821Z"
  }
},
{
  "model": "letrent.property",
  "pk": 38,
  "fields": {
    "category": 5,
    "owner": 36,
    "name": "Product #38",
    "description": "Product #38 desc",
    "address": "Konemiehentie 2, 02150 Espoo",
    "location_lat": "60.186937",
    "location_lon": "24.821084",
    "daily_price": "18.20",
    "weekly_price": "92.60",
    "slug": "product-38",
    "active": true,
    "created_at": "2017-10-15T00:15:27.857Z",
    "updated_at": "2017-10-15T00:15:27.857Z"
  }
},
{
  "model": "letrent.property",
  "pk": 39,
  "fields": {
    "category": 5,
    "owner": 36,
    "name": "Product #39",
    "description": "Product #39 desc",
    "address": "Konemiehentie 2, 02150 Espoo",
    "location_lat": "60.186937",
    "location_lon": "24.821084",
    "daily_price": null,
    "weekly_price": "89.00",
    "slug": "product-39",
    "active": true,
    "created_at": "2017-10-15T00:15:05.821Z",
    "updated_at": "2017-10-15T00:15:05.821Z"
  }
},
{
  "model": "letrent.property",
  "pk": 40,
  "fields": {
    "category": 5,
    "owner": 36,
    "name": "Product #40",
    "description": "Product #40 desc",
    "address": "Konemiehentie 2, 02150 Espoo",
    "location_lat": "60.186937",
    "location_lon": "24.821084",
    "daily_price": null,
    "weekly_price": "89.00",
    "slug": "product-40",
    "active": true,
    "created_at": "2017-10-15T00:15:05.821Z",
    "updated_at": "2017-10-15T00:15:05.821Z"
  }
},
{
  "model": "letrent.propertyimage",
  "pk": 1,
  "fields": {
    "property": 2,
    "name": "Test img name #1",
    "image": "test.jpg",
    "is_primary": true,
    "date_added": "2017-10-07"
  }
},
{
  "model": "letrent.propertyimage",
  "pk": 2,
  "fields": {
    "property": 2,
    "name": "Test img name #2",
    "image": "test2.jpg",
    "is_primary": false,
    "date_added": "2017-09-01"
  }
},
{
  "model": "letrent.propertyimage",
  "pk": 3,
  "fields": {
    "property": 2,
    "name": "Test img name #3",
    "image": "test2.jpg",
    "is_primary": false,
    "date_added": "2017-09-01"
  }
}
]
